"id","url","score","risk_level","flags_text","scanned_at"
1,"www.amazon.in",0,"SAFE","Suspicious keyword(s) found in URL: amazon | Domain found in safe dataset (Shopping)","2026-03-13 15:46:57"
2,"www.google.com",0,"SAFE","Suspicious keyword(s) found in URL: google | Domain found in safe dataset (Internet & Search Engines)","2026-03-13 15:47:50"
3,"www.amazoncom",10,"SAFE","Suspicious keyword(s) found in URL: amazon","2026-03-15 22:37:49"
4,"www.unstop.com",0,"SAFE","","2026-03-15 22:38:03"
5,"google.com",0,"SAFE","Suspicious keyword(s) found in URL: google | Domain found in safe dataset (Internet & Search Engines)","2026-03-15 22:41:08"
6,"http://www.ikenmijnkunst.nl/index.php/exposities/exposities-2006",120,"CRITICAL","Exact URL appears in malicious dataset (malicious_phish.csv)","2026-03-15 22:42:05"
7,"hii.this.malicious.site",20,"LOW","URL uses a high-risk TLD: .site","2026-03-15 23:33:07"
8,"https://example.com/login",10,"SAFE","Suspicious keyword(s) found in URL: login","2026-03-19 15:35:12"
9,"https://example.com/login",10,"SAFE","Suspicious keyword(s) found in URL: login","2026-03-19 15:35:39"
10,"https://leetcode.com/problemset/",0,"SAFE","","2026-04-06 14:21:12"
11,"https://leetcode.com/problemset/itiuyiuyritr765876uygkh,v,",0,"SAFE","","2026-04-06 14:21:37"
12,"http://www.msftconnecttest.com/redirect",0,"SAFE","","2026-04-06 22:02:30"
13,"https://leetcode.com/problemset/",0,"SAFE","","2026-04-07 09:40:05"
14,"http://www.msftconnecttest.com/redirect",0,"SAFE","","2026-04-21 09:48:03"
15,"http://www.msftconnecttest.com/redirect",0,"SAFE","","2026-04-21 10:26:53"
16,"http://www.ikenmijnkunst.nl/index.php/exposities/exposities-2006",0,"SAFE","","2026-04-21 10:27:08"
17,"http://www.ikenmijnkunst.nl/index.php/exposities/exposities-2006",0,"SAFE","","2026-04-21 10:27:12"
18,"https://leetcode.com/problemset/itiuyiuyritr765876uygkh,v,",0,"SAFE","","2026-04-21 10:27:48"
19,"http://www.ikenmijnkunst.nl/index.php/exposities/exposities-2006",0,"SAFE","","2026-04-21 10:28:04"
20,"http://www.ikenmijnkunst.nl/index.php/exposities/exposities-2006",0,"SAFE","","2026-04-21 10:40:04"
21,"http://www.ikenmijnkunst.nl/index.php/exposities/exposities-2006uyffffffffffffffffffffjhgfjhgfuytriqrtruiopljkgjhfdfsazxccbvnm,.",20,"LOW","URL is very long (128 characters)","2026-04-21 10:40:42"
22,"https://www.google.in",10,"SAFE","Suspicious keyword(s) found in URL: google","2026-04-21 10:41:26"
23,"https://leetcode.com/problemset/",0,"SAFE","","2026-04-21 11:09:04"
24,"https://medlineplus.gov/xml/mplus_topics_compressed_2026-02-13.zip",0,"SAFE","","2026-04-21 11:09:15"
25,"http://www.ikenmijnkunst.nl/index.php/exposities/exposities-2006",0,"SAFE","","2026-04-21 11:09:25"
26,"https://www.google.com",0,"SAFE","","2026-04-21 11:10:36"
27,"https://www.google.com",10,"SAFE","Suspicious keyword(s) found in URL: google","2026-04-21 14:07:59"
28,"https://www.youtube.com",0,"SAFE","","2026-04-21 14:07:59"
29,"https://www.microsoft.com",0,"SAFE","","2026-04-21 14:07:59"
30,"https://www.github.com",0,"SAFE","","2026-04-21 14:07:59"
31,"https://www.wikipedia.org",0,"SAFE","","2026-04-21 14:07:59"
32,"https://www.apple.com",10,"SAFE","Suspicious keyword(s) found in URL: apple","2026-04-21 14:07:59"
33,"https://www.amazon.com",10,"SAFE","Suspicious keyword(s) found in URL: amazon","2026-04-21 14:07:59"
34,"https://www.netflix.com",10,"SAFE","Suspicious keyword(s) found in URL: netflix","2026-04-21 14:07:59"
35,"https://www.reddit.com",0,"SAFE","","2026-04-21 14:07:59"
36,"https://www.stackoverflow.com",0,"SAFE","","2026-04-21 14:07:59"
37,"https://www.nytimes.com",0,"SAFE","","2026-04-21 14:07:59"
38,"https://www.bbc.com",0,"SAFE","","2026-04-21 14:07:59"
39,"https://www.linkedin.com",0,"SAFE","","2026-04-21 14:07:59"
40,"https://www.instagram.com",0,"SAFE","","2026-04-21 14:07:59"
41,"https://www.whatsapp.com",0,"SAFE","","2026-04-21 14:07:59"
42,"https://www.paypal.com",10,"SAFE","Suspicious keyword(s) found in URL: paypal","2026-04-21 14:07:59"
43,"https://www.dropbox.com",0,"SAFE","","2026-04-21 14:07:59"
44,"https://openai.com",0,"SAFE","","2026-04-21 14:07:59"
45,"https://www.adobe.com",0,"SAFE","","2026-04-21 14:07:59"
46,"https://www.zoom.us",0,"SAFE","","2026-04-21 14:07:59"
47,"http://paypal-security-alert-login.com/verify",40,"MEDIUM","Domain contains many hyphens (3) | Suspicious keyword(s) found in URL: login, security, verify","2026-04-21 14:07:59"
48,"http://secure-google-account-update.xyz/login",60,"HIGH","Domain contains many hyphens (3) | URL uses a high-risk TLD: .xyz | Suspicious keyword(s) found in URL: login, account, secure","2026-04-21 14:07:59"
49,"http://microsoft-support-verify.top/signin",40,"MEDIUM","URL uses a high-risk TLD: .top | Suspicious keyword(s) found in URL: signin, verify","2026-04-21 14:07:59"
50,"http://appleid-confirmation.live/secure",50,"MEDIUM","URL uses a high-risk TLD: .live | Suspicious keyword(s) found in URL: secure, confirm, apple","2026-04-21 14:07:59"
51,"http://amazon-billing-warning.click/update",50,"MEDIUM","URL uses a high-risk TLD: .click | Suspicious keyword(s) found in URL: update, warning, billing","2026-04-21 14:07:59"
52,"http://bankofamerica-secure-login.site/verify",50,"MEDIUM","URL uses a high-risk TLD: .site | Suspicious keyword(s) found in URL: login, secure, verify","2026-04-21 14:07:59"
53,"http://192.168.10.10/login",40,"MEDIUM","Host is an IP address instead of a domain name | Suspicious keyword(s) found in URL: login","2026-04-21 14:07:59"
54,"http://45.88.120.3/secure-update",50,"MEDIUM","Host is an IP address instead of a domain name | Suspicious keyword(s) found in URL: secure, update","2026-04-21 14:07:59"
55,"http://login-confirm-account.biz/confirm",50,"MEDIUM","URL uses a high-risk TLD: .biz | Suspicious keyword(s) found in URL: login, account, confirm","2026-04-21 14:07:59"
56,"http://netflix-payment-urgent.cc/validate",50,"MEDIUM","URL uses a high-risk TLD: .cc | Suspicious keyword(s) found in URL: validate, payment, netflix","2026-04-21 14:07:59"
57,"http://verify-your-wallet.gq/bitcoin",50,"MEDIUM","URL uses a high-risk TLD: .gq | Suspicious keyword(s) found in URL: verify, wallet, bitcoin","2026-04-21 14:07:59"
58,"http://free-prize-winner.top/claim",50,"MEDIUM","URL uses a high-risk TLD: .top | Suspicious keyword(s) found in URL: free, prize, winner","2026-04-21 14:07:59"
59,"http://discord-gift-nitro.tk/login",30,"LOW","URL uses a high-risk TLD: .tk | Suspicious keyword(s) found in URL: login","2026-04-21 14:07:59"
60,"http://icloud-security-alert.ml/update",50,"MEDIUM","URL uses a high-risk TLD: .ml | Suspicious keyword(s) found in URL: security, update, alert","2026-04-21 14:07:59"
61,"http://chase-bank-locked-account.cf/verify",60,"HIGH","Domain contains many hyphens (3) | URL uses a high-risk TLD: .cf | Suspicious keyword(s) found in URL: account, verify, bank","2026-04-21 14:07:59"
62,"http://steamcommunity-login-help.pw/signin",40,"MEDIUM","URL uses a high-risk TLD: .pw | Suspicious keyword(s) found in URL: login, signin","2026-04-21 14:07:59"
63,"http://update-user-credential.online/password",50,"MEDIUM","URL uses a high-risk TLD: .online | Suspicious keyword(s) found in URL: update, password, credential","2026-04-21 14:07:59"
64,"http://facebook-security-check.ws/confirm",40,"MEDIUM","URL uses a high-risk TLD: .ws | Suspicious keyword(s) found in URL: security, confirm","2026-04-21 14:07:59"
65,"http://tiktok-account-warning.ga/validate",50,"MEDIUM","URL uses a high-risk TLD: .ga | Suspicious keyword(s) found in URL: account, validate, warning","2026-04-21 14:07:59"
66,"http://whatsapp-limited-access.link/secure",40,"MEDIUM","URL uses a high-risk TLD: .link | Suspicious keyword(s) found in URL: secure, limited","2026-04-21 14:07:59"
67,"https://www.google.com",10,"SAFE","Suspicious keyword(s) found in URL: google","2026-04-21 14:09:21"
68,"https://www.youtube.com",0,"SAFE","","2026-04-21 14:09:21"
69,"https://www.microsoft.com",0,"SAFE","","2026-04-21 14:09:21"
70,"https://www.github.com",0,"SAFE","","2026-04-21 14:09:21"
71,"https://www.wikipedia.org",0,"SAFE","","2026-04-21 14:09:21"
72,"https://www.apple.com",10,"SAFE","Suspicious keyword(s) found in URL: apple","2026-04-21 14:09:21"
73,"https://www.amazon.com",10,"SAFE","Suspicious keyword(s) found in URL: amazon","2026-04-21 14:09:21"
74,"https://www.netflix.com",10,"SAFE","Suspicious keyword(s) found in URL: netflix","2026-04-21 14:09:21"
75,"https://www.reddit.com",0,"SAFE","","2026-04-21 14:09:21"
76,"https://www.stackoverflow.com",0,"SAFE","","2026-04-21 14:09:21"
77,"https://www.nytimes.com",0,"SAFE","","2026-04-21 14:09:21"
78,"https://www.bbc.com",0,"SAFE","","2026-04-21 14:09:21"
79,"https://www.linkedin.com",0,"SAFE","","2026-04-21 14:09:21"
80,"https://www.instagram.com",0,"SAFE","","2026-04-21 14:09:21"
81,"https://www.whatsapp.com",0,"SAFE","","2026-04-21 14:09:21"
82,"https://www.paypal.com",10,"SAFE","Suspicious keyword(s) found in URL: paypal","2026-04-21 14:09:21"
83,"https://www.dropbox.com",0,"SAFE","","2026-04-21 14:09:21"
84,"https://openai.com",0,"SAFE","","2026-04-21 14:09:21"
85,"https://www.adobe.com",0,"SAFE","","2026-04-21 14:09:21"
86,"https://www.zoom.us",0,"SAFE","","2026-04-21 14:09:21"
87,"http://paypal-security-alert-login.com/verify",40,"MEDIUM","Domain contains many hyphens (3) | Suspicious keyword(s) found in URL: login, security, verify","2026-04-21 14:09:21"
88,"http://secure-google-account-update.xyz/login",60,"HIGH","Domain contains many hyphens (3) | URL uses a high-risk TLD: .xyz | Suspicious keyword(s) found in URL: login, account, secure","2026-04-21 14:09:21"
89,"http://microsoft-support-verify.top/signin",40,"MEDIUM","URL uses a high-risk TLD: .top | Suspicious keyword(s) found in URL: signin, verify","2026-04-21 14:09:21"
90,"http://appleid-confirmation.live/secure",50,"MEDIUM","URL uses a high-risk TLD: .live | Suspicious keyword(s) found in URL: secure, confirm, apple","2026-04-21 14:09:21"
91,"http://amazon-billing-warning.click/update",50,"MEDIUM","URL uses a high-risk TLD: .click | Suspicious keyword(s) found in URL: update, warning, billing","2026-04-21 14:09:21"
92,"http://bankofamerica-secure-login.site/verify",50,"MEDIUM","URL uses a high-risk TLD: .site | Suspicious keyword(s) found in URL: login, secure, verify","2026-04-21 14:09:21"
93,"http://192.168.10.10/login",40,"MEDIUM","Host is an IP address instead of a domain name | Suspicious keyword(s) found in URL: login","2026-04-21 14:09:21"
94,"http://45.88.120.3/secure-update",50,"MEDIUM","Host is an IP address instead of a domain name | Suspicious keyword(s) found in URL: secure, update","2026-04-21 14:09:21"
95,"http://login-confirm-account.biz/confirm",50,"MEDIUM","URL uses a high-risk TLD: .biz | Suspicious keyword(s) found in URL: login, account, confirm","2026-04-21 14:09:21"
96,"http://netflix-payment-urgent.cc/validate",50,"MEDIUM","URL uses a high-risk TLD: .cc | Suspicious keyword(s) found in URL: validate, payment, netflix","2026-04-21 14:09:21"
97,"http://verify-your-wallet.gq/bitcoin",50,"MEDIUM","URL uses a high-risk TLD: .gq | Suspicious keyword(s) found in URL: verify, wallet, bitcoin","2026-04-21 14:09:21"
98,"http://free-prize-winner.top/claim",50,"MEDIUM","URL uses a high-risk TLD: .top | Suspicious keyword(s) found in URL: free, prize, winner","2026-04-21 14:09:21"
99,"http://discord-gift-nitro.tk/login",30,"LOW","URL uses a high-risk TLD: .tk | Suspicious keyword(s) found in URL: login","2026-04-21 14:09:21"
100,"http://icloud-security-alert.ml/update",50,"MEDIUM","URL uses a high-risk TLD: .ml | Suspicious keyword(s) found in URL: security, update, alert","2026-04-21 14:09:21"
101,"http://chase-bank-locked-account.cf/verify",60,"HIGH","Domain contains many hyphens (3) | URL uses a high-risk TLD: .cf | Suspicious keyword(s) found in URL: account, verify, bank","2026-04-21 14:09:21"
102,"http://steamcommunity-login-help.pw/signin",40,"MEDIUM","URL uses a high-risk TLD: .pw | Suspicious keyword(s) found in URL: login, signin","2026-04-21 14:09:21"
103,"http://update-user-credential.online/password",50,"MEDIUM","URL uses a high-risk TLD: .online | Suspicious keyword(s) found in URL: update, password, credential","2026-04-21 14:09:21"
104,"http://facebook-security-check.ws/confirm",40,"MEDIUM","URL uses a high-risk TLD: .ws | Suspicious keyword(s) found in URL: security, confirm","2026-04-21 14:09:21"
105,"http://tiktok-account-warning.ga/validate",50,"MEDIUM","URL uses a high-risk TLD: .ga | Suspicious keyword(s) found in URL: account, validate, warning","2026-04-21 14:09:21"
106,"http://whatsapp-limited-access.link/secure",40,"MEDIUM","URL uses a high-risk TLD: .link | Suspicious keyword(s) found in URL: secure, limited","2026-04-21 14:09:21"
107,"https://www.google.com",10,"SAFE","Suspicious keyword(s) found in URL: google","2026-04-21 14:30:27"
108,"https://www.youtube.com",0,"SAFE","","2026-04-21 14:30:27"
109,"https://www.microsoft.com",0,"SAFE","","2026-04-21 14:30:27"
110,"https://www.github.com",0,"SAFE","","2026-04-21 14:30:27"
111,"https://www.wikipedia.org",0,"SAFE","","2026-04-21 14:30:27"
112,"https://www.apple.com",10,"SAFE","Suspicious keyword(s) found in URL: apple","2026-04-21 14:30:27"
113,"https://www.amazon.com",10,"SAFE","Suspicious keyword(s) found in URL: amazon","2026-04-21 14:30:27"
114,"https://www.netflix.com",10,"SAFE","Suspicious keyword(s) found in URL: netflix","2026-04-21 14:30:27"
115,"https://www.reddit.com",0,"SAFE","","2026-04-21 14:30:27"
116,"https://www.stackoverflow.com",0,"SAFE","","2026-04-21 14:30:27"
117,"https://www.nytimes.com",0,"SAFE","","2026-04-21 14:30:27"
118,"https://www.bbc.com",0,"SAFE","","2026-04-21 14:30:27"
119,"https://www.linkedin.com",0,"SAFE","","2026-04-21 14:30:27"
120,"https://www.instagram.com",0,"SAFE","","2026-04-21 14:30:27"
121,"https://www.whatsapp.com",0,"SAFE","","2026-04-21 14:30:27"
122,"https://www.paypal.com",10,"SAFE","Suspicious keyword(s) found in URL: paypal","2026-04-21 14:30:27"
123,"https://www.dropbox.com",0,"SAFE","","2026-04-21 14:30:27"
124,"https://openai.com",0,"SAFE","","2026-04-21 14:30:27"
125,"https://www.adobe.com",0,"SAFE","","2026-04-21 14:30:27"
126,"https://www.zoom.us",0,"SAFE","","2026-04-21 14:30:27"
127,"http://paypal-security-alert-login.com/verify",40,"MEDIUM","Domain contains many hyphens (3) | Suspicious keyword(s) found in URL: login, security, verify","2026-04-21 14:30:27"
128,"http://secure-google-account-update.xyz/login",60,"HIGH","Domain contains many hyphens (3) | URL uses a high-risk TLD: .xyz | Suspicious keyword(s) found in URL: login, account, secure","2026-04-21 14:30:27"
129,"http://microsoft-support-verify.top/signin",40,"MEDIUM","URL uses a high-risk TLD: .top | Suspicious keyword(s) found in URL: signin, verify","2026-04-21 14:30:27"
130,"http://appleid-confirmation.live/secure",50,"MEDIUM","URL uses a high-risk TLD: .live | Suspicious keyword(s) found in URL: secure, confirm, apple","2026-04-21 14:30:27"
131,"http://amazon-billing-warning.click/update",50,"MEDIUM","URL uses a high-risk TLD: .click | Suspicious keyword(s) found in URL: update, warning, billing","2026-04-21 14:30:27"
132,"http://bankofamerica-secure-login.site/verify",50,"MEDIUM","URL uses a high-risk TLD: .site | Suspicious keyword(s) found in URL: login, secure, verify","2026-04-21 14:30:27"
133,"http://192.168.10.10/login",40,"MEDIUM","Host is an IP address instead of a domain name | Suspicious keyword(s) found in URL: login","2026-04-21 14:30:27"
134,"http://45.88.120.3/secure-update",50,"MEDIUM","Host is an IP address instead of a domain name | Suspicious keyword(s) found in URL: secure, update","2026-04-21 14:30:27"
135,"http://login-confirm-account.biz/confirm",50,"MEDIUM","URL uses a high-risk TLD: .biz | Suspicious keyword(s) found in URL: login, account, confirm","2026-04-21 14:30:27"
136,"http://netflix-payment-urgent.cc/validate",50,"MEDIUM","URL uses a high-risk TLD: .cc | Suspicious keyword(s) found in URL: validate, payment, netflix","2026-04-21 14:30:27"
137,"http://verify-your-wallet.gq/bitcoin",50,"MEDIUM","URL uses a high-risk TLD: .gq | Suspicious keyword(s) found in URL: verify, wallet, bitcoin","2026-04-21 14:30:27"
138,"http://free-prize-winner.top/claim",50,"MEDIUM","URL uses a high-risk TLD: .top | Suspicious keyword(s) found in URL: free, prize, winner","2026-04-21 14:30:27"
139,"http://discord-gift-nitro.tk/login",30,"LOW","URL uses a high-risk TLD: .tk | Suspicious keyword(s) found in URL: login","2026-04-21 14:30:27"
140,"http://icloud-security-alert.ml/update",50,"MEDIUM","URL uses a high-risk TLD: .ml | Suspicious keyword(s) found in URL: security, update, alert","2026-04-21 14:30:27"
141,"http://chase-bank-locked-account.cf/verify",60,"HIGH","Domain contains many hyphens (3) | URL uses a high-risk TLD: .cf | Suspicious keyword(s) found in URL: account, verify, bank","2026-04-21 14:30:27"
142,"http://steamcommunity-login-help.pw/signin",40,"MEDIUM","URL uses a high-risk TLD: .pw | Suspicious keyword(s) found in URL: login, signin","2026-04-21 14:30:27"
143,"http://update-user-credential.online/password",50,"MEDIUM","URL uses a high-risk TLD: .online | Suspicious keyword(s) found in URL: update, password, credential","2026-04-21 14:30:27"
144,"http://facebook-security-check.ws/confirm",40,"MEDIUM","URL uses a high-risk TLD: .ws | Suspicious keyword(s) found in URL: security, confirm","2026-04-21 14:30:27"
145,"http://tiktok-account-warning.ga/validate",50,"MEDIUM","URL uses a high-risk TLD: .ga | Suspicious keyword(s) found in URL: account, validate, warning","2026-04-21 14:30:27"
146,"http://whatsapp-limited-access.link/secure",40,"MEDIUM","URL uses a high-risk TLD: .link | Suspicious keyword(s) found in URL: secure, limited","2026-04-21 14:30:27"
147,"https://leetcode.com/problemset/",0,"SAFE","PhishingData model signal: 0.0% phishing likelihood","2026-04-21 14:35:44"
148,"http://www.ikenmijnkunst.nl/index.php/exposities/exposities-2006",0,"SAFE","PhishingData model signal: 0.3% phishing likelihood","2026-04-21 14:35:56"
149,"http://whatsapp-limited-access.link/secure",30,"LOW","PhishingData model signal: 18.3% phishing likelihood | URL uses a high-risk TLD: .link | Suspicious keyword(s) found in URL: secure, limited","2026-04-21 14:36:11"
150,"https://punjabiuniversity.ac.in",0,"SAFE","PhishingData model signal: 0.1% phishing likelihood","2026-04-21 15:02:31"
151,"https://pup.ac.in",0,"SAFE","PhishingData model signal: 0.1% phishing likelihood","2026-04-21 15:02:51"
152,"https://pup.ac.in",0,"SAFE","PhishingData model signal: 0.1% phishing likelihood","2026-04-21 15:02:51"
153,"https://cuchd.ac.in",0,"SAFE","PhishingData model signal: 0.1% phishing likelihood","2026-04-21 15:03:04"
154,"https://cuchd.ac.in",0,"SAFE","PhishingData model signal: 0.1% phishing likelihood","2026-04-21 15:03:07"
155,"https://cuchd.ac.in",0,"SAFE","PhishingData model signal: 0.1% phishing likelihood","2026-04-21 15:03:07"
156,"https://login.cgc.ac.in",0,"SAFE","PhishingData model signal: 0.1% phishing likelihood | Suspicious keyword(s) found in URL: login","2026-04-21 15:03:25"
157,"https://login.cgc.ac.in",0,"SAFE","PhishingData model signal: 0.1% phishing likelihood | Suspicious keyword(s) found in URL: login","2026-04-21 15:03:25"
158,"http://tiktok-account-warning.ga/validate",40,"MEDIUM","PhishingData model signal: 18.3% phishing likelihood | URL uses a high-risk TLD: .ga | Suspicious keyword(s) found in URL: account, validate, warning","2026-04-21 15:04:06"
159,"http://bit.ly/2VfY9uR",0,"SAFE","","2026-04-21 15:40:30"
160,"http://github.com",0,"SAFE","","2026-04-21 15:40:49"
161,"http://github.com",0,"SAFE","","2026-04-21 15:42:50"
